category,products-name,products-link
Desktop-laptops,"Intel Customized PC 4, Core i3-6th gen, SSD 480GB ...",https://sindabad.com/intel-customized-pc-4-core-i3-6th-gen-ssd-480gb-sata-8-gb-ram-dell-18-5-monitor.html
Desktop-laptops,"Walton Laptop Core i3 WTZX47A3GR (ZX3701A), Grey, ...",https://sindabad.com/walton-laptop-core-i3-wtzx47a3gr-zx3701a-grey-14-inch.html
Desktop-laptops,"Customized PC 7, Intel Core i3-3th gen, Intel H-6 ...",https://sindabad.com/customized-pc-7-intel-core-i3-3th-gen-intel-h-61-motherboard-wd-500-gb-sata-hard-disk-drive-a4-tech-kr-83-bangla-usb-keyboard-a4-tech-op-620-v-track-usb-mouse.html
Desktop-laptops,"MacBook Pro, 13 Inch (2020)",https://sindabad.com/mac-book-pro-13-inch-model-2020.html
Desktop-laptops,Lenovo IdeaPad Slim 3i Core i3 10th Gen 128 GB SSD ...,https://sindabad.com/lenovo-ideapad-slim-3i-core-i3-10th-gen-128-gb-ssd-hdd-1tb-8-gb-ram-15-6-inch-full-hd-laptop.html
Desktop-laptops,"HP 240 G8-CORP Core i5 11th Gen 1135G7, 2.4GHz,8GB ...",https://sindabad.com/hp-240-g8-corp-core-i5-11th-gen-1135g7-2-4ghz-8gb-ddr4-1tb-hdd-ssd-256-fhd-laptop-14-inch.html
Desktop-laptops,Hp 280 Pro G6 MT Core i7-10700 10th Gen 16GB Ram 1 ...,https://sindabad.com/hp-280-pro-g6-mt-core-i7-10700-10th-gen-16gb-ram-1tb-hdd-ssd256-fhd-preloaded-windows-10-pro-microsoft-office-21-5-inch-monitor.html
Desktop-laptops,"Esonic Wide Screen LED HD Monitor, 19ELMW, 19 Inch",https://sindabad.com/esonic-wide-screen-led-hd-monitor-19elmw-19-inch.html
Desktop-laptops,Gigabyte Aorus 5 MB Core i5 10th Gen Graphics 144H ...,https://sindabad.com/gigabyte-aorus-5-mb-core-i5-10th-gen-graphics-144hz-fhd-gaming-laptop-15-6-inch.html
Desktop-laptops,Asus ZenBook Core i7 10th Gen 512GB SSD 14 UX425JA ...,https://sindabad.com/asus-zenbook-core-i7-10th-gen-512gb-ssd-14-ux425ja-14-inch-fhd-laptop.html
Desktop-laptops,"Lenovo Ideapad Slim 3i 10th Gen Core i3, Ram 8 GB ...",https://sindabad.com/lenovo-ideapad-slim-3i-10th-gen-core-i3-ram-8-gb-14-inch-fhd-laptop.html
Desktop-laptops,Lenovo IdeaPad Slim 3i Core i3 10th Gen 256GB SSD ...,https://sindabad.com/lenovo-ideapad-slim-3i-core-i3-10th-gen-256gb-ssd-8-gb-ram-14-inch-full-hd-laptop.html
Desktop-laptops,ASUS ExpertBook P1-P1440FA Core i3 10th 8GB RAM 12 ...,https://sindabad.com/asus-expertbook-p1-p1440fa-core-i3-10th-8gb-ram-120gb-ssd-laptop-14-inch.html
Desktop-laptops,Lenovo Yoga S940 Core i7 10th Gen UHD Laptop with ...,https://sindabad.com/lenovo-yoga-s940-core-i7-10th-gen-uhd-laptop-with-genuine-windows-10-14-inch.html
Desktop-laptops,Walton Laptop core i3 WTEX4103BL (EX310G Pro) Bla ...,https://sindabad.com/walton-laptop-core-i3-wtex4103bl-14-inch-black-ex310g-pro.html
Desktop-laptops,"Walton Laptop WPRX4N50BL (N5000) Black, 14 Inch",https://sindabad.com/walton-laptop-wprx4n50bl-14-inch-black-n5000.html
Desktop-laptops,"Walton Laptop WPRA4N50GR (N5001A) Grey, 14 Inch",https://sindabad.com/walton-laptop-wpra4n50gr-14-inch-grey-n5001a.html
Desktop-laptops,Walton Laptop WPRA4N50BL (N5000A) Black. 14 Inch,https://sindabad.com/walton-laptop-wpra4n50bl-n5000a-14-inch-black.html
Desktop-laptops,"Walton Laptop Core i7 WPBX48U7 (BX7800) Black, 14 ...",https://sindabad.com/walton-laptop-core-i7-wpbx48u7-bx7800-black-14-inch.html
Desktop-laptops,Asus VT229H Full HD 5ms Low Blue Light Flicker Fre ...,https://sindabad.com/asus-vt229h-full-hd-5ms-low-blue-light-flicker-free-touch-monitor-21-5-inch.html
Desktop-laptops,Customise BP PC Intel Core i3-6th gen MB81H 4GB Ra ...,https://sindabad.com/customise-bp-pc-intel-core-i3-6th-gen-mb81h-4gb-ram-120gb-ssd-1tb-hdd-18-5-inch-monitor.html
Desktop-laptops,"Dell D1918H LED Monitor , 18.5 Inch",https://sindabad.com/dell-d1918h-led-monitor-18-5-inch.html
Desktop-laptops,"Customized PC, Intel Core i3-6th gen, Asus H110M-K ...",https://sindabad.com/customized-pc-intel-core-i3-6th-gen-asus-h110m-k-motherboard-toshiba-500gb-sata-hard-disk-drive-a4-tech-kr-83-bangla-usb-keyboard-a4-tech-op-620-v-track-usb-mouse.html
Desktop-laptops,"Walton All In One Core i3, WAO2281001",https://sindabad.com/walton-all-in-one-core-i5-wao2281001.html
Desktop-laptops,"HP Probook 440 G6 Core i5, 8th Gen, 14.1 Inch, HD ...",https://sindabad.com/hp-probook-440-g6-core-i5-8th-gen-14-1-inch-hd-notebook-pc.html
Desktop-laptops,"Customized BP PC Core i3 4th Gen, MB81H, 4GB ram, ...",https://sindabad.com/customized-bp-pc-core-i3-4th-gen-mb81h-4gb-ram-120gb-ssd-with-casing-keyboard-mouse-ups-650-v-a-monitor-18-5-inch.html
Desktop-laptops,"Dell Inspiron 15 3501 Core i3 10th Gen HD Laptop, ...",https://sindabad.com/dell-inspiron-15-3501-core-i3-10th-gen-hd-laptop-15-6-inch.html
Desktop-laptops,"Dell Vostro 14 3400 Core i3 11th Gen HD Laptop,14 ...",https://sindabad.com/dell-vostro-14-3400-core-i3-11th-gen-hd-laptop-14-inch.html
Desktop-laptops,HP Pavilion 15-eg0086TU Core i7 11th Gen Ram 8GB 5 ...,https://sindabad.com/hp-pavilion-15-eg0086tu-core-i7-11th-gen-ram-8gb-512-ssd-fhd-laptop-15-6-inch.html
Desktop-laptops,Dell Inspiron 15 3501 Core i5 11th Gen 8GB Ram 25 ...,https://sindabad.com/dell-inspiron-15-3501-core-i5-11th-gen-8gb-ram-256gb-ssd-preloaded-windows-10-pro-microsoft-office-or-office-365-15-6-inch.html
Desktop-laptops,Lenovo IdeaPad Slim 3i Core i3 10th Gen 128 GB SSD ...,https://sindabad.com/lenovo-ideapad-slim-3i-core-i3-10th-gen-128-gb-ssd-hdd-1tb-8-gb-ram-14-inch-full-hd-laptop.html
Desktop-laptops,"Dell Core i5 10th Gen 8GB Ram, 512SSD Brand PC Wit ...",https://sindabad.com/dell-core-i5-10th-gen-8gb-ram-512ssd-brand-pc-with-keyboard-and-mouse-optiplex-3080-mt.html
Desktop-laptops,Lenovo Core i5 11th Gen RAM 8 GB SSD 512 GB IdeaPa ...,https://sindabad.com/lenovo-core-i5-11th-gen-ram-8-gb-ssd-512-gb-ideapad-3-15itl6-fhd-laptop-15-6-inch.html
Desktop-laptops,Huawei MateBook 13 Core i5 10th Gen Graphics 13 In ...,https://sindabad.com/huawei-matebook-13-core-i5-10th-gen-graphics-13-inch-2k-touch-laptop-512-gb-ssd-16-gb-ram.html
Desktop-laptops,Asus VivoBook S14 S433EQ Core i7 11th Gen 16GB RAM ...,https://sindabad.com/asus-vivobook-s14-s433eq-core-i7-11th-gen-16gb-ram-512gb-ssd-14-inch-fhd-laptop.html
Desktop-laptops,"Lenovo ThinkPad L14 Core i5 10th Gen 8GB Ram, 256 ...",https://sindabad.com/lenovo-thinkpad-l14-core-i5-10th-gen-8gb-ram-256-gb-ssd-windows-10-pro-original-laptop.html
Desktop-laptops,Asus ZenBook S UX393EA Core i7 11th Gen UHD Touch ...,https://sindabad.com/asus-zenbook-s-ux393ea-core-i7-11th-gen-uhd-touch-laptop-13-9-inch.html
Desktop-laptops,"Lenovo Ideapad Slim 3i 10th Gen Core i5 , 14 Inch ...",https://sindabad.com/lenovo-ideapad-slim-3i-10th-gen-core-i5-14-inch-laptop.html
Desktop-laptops,Asus VivoBook 14 X415EA Core i5 11th Gen 8 GB FHD ...,https://sindabad.com/asus-vivobook-14-x415ea-core-i5-11th-gen-8-gb-fhd-laptop-14-inch.html
Desktop-laptops,HP ProBook 440 G8 Core i5 11th Gen HD Laptop 512 ...,https://sindabad.com/hp-probook-440-g8-core-i5-11th-gen-hd-laptop-512-ssd-14-inche.html
Desktop-laptops,"Lenovo V14 10th Gen 14 Inch FHD Laptop, 8GB DDR4, ...",https://sindabad.com/lenovo-v14-10th-gen-14-fhd-inch-8gb-ddr4-ssd-120-gb.html
Desktop-laptops,Asus VivoBook 14 X413EA Core i5 11th Gen 14 Inch F ...,https://sindabad.com/asus-vivobook-14-x413ea-core-i5-11th-gen-14-inch-fhd-laptop.html
Desktop-laptops,Asus ZenBook 14 UX425JA Core i5 10th Gen 512GB SSD ...,https://sindabad.com/asus-zenbook-14-ux425ja-core-i5-10th-gen-512gb-ssd-14-inch-fhd-laptop-with-windows-10.html
Desktop-laptops,Asus VivoBook S14 S433EA Core i5 11th Gen 14 Inch ...,https://sindabad.com/asus-vivobook-s14-s433ea-core-i5-11th-gen-14-inch-fhd-laptop.html
Desktop-laptops,"DELL LATITUDE Laptop 3410 i5 10th Gen, 14 Inch",https://sindabad.com/dell-latitude-laptop-3410-i5-10th-gen-14-inch.html
Desktop-laptops,Lenovo Ideapad S145 Core i3 7th Gen 15.6 Inch FHD ...,https://sindabad.com/lenovo-ideapad-s145-core-i3-7th-gen-15-6-inch-fhd-laptop-with-windows-10.html
Desktop-laptops,"Apple MacBook Air MGN73, 13.3-Inch with M1 chip, ...",https://sindabad.com/apple-macbook-air-13-3-inch-with-m1-chip-8gb-ram-512gb-ssd-space-gray.html
Desktop-laptops,"Apple MacBook Pro with Apple M1 Chip (13-inch, 8GB ...",https://sindabad.com/apple-macbook-pro-with-apple-m1-chip-13-inch-8gb-ram-512gb-ssd-storage.html
Desktop-laptops,"ASUS ZenBook UX425JA-1035G1, i5 10th Gen, 14 Inch ...",https://sindabad.com/asus-zenbook-ux425ja-1035g1-i5-10th-gen-14-inch-laptop.html
Desktop-laptops,Dell Vostro 3671 9th Gen Intel Core i5 9400 (2.90G ...,https://sindabad.com/dell-vostro-3671-9th-gen-intel-core-i5-9400-2-90ghz-4-10ghz-intel-b365-chipset-4gb-ddr4-2666mhz-1tb-hdd-dvd-rw-290w-psu-usb-keyboard-mouse-free-dos-black-mid-tower-brand-pc.html
Desktop-laptops,HP Pavilion 15-Cs3001TU-I5 10th Gen 8GB RAM 256GB ...,https://sindabad.com/hp-pavilion-15-cs3001tu-i5-10th-gen-8gb-ram-256gb-ssd-silver-15-6-inch-fhd.html
Desktop-laptops,"Lenovo IdeaPad Slim 3i 10th Gen Core i5, 8 GB Ram, ...",https://sindabad.com/lenovo-ideapad-slim-3i-10th-gen-core-i5-8-gb-ram-ssd-256gb-hdd-1tb-windows-10-fhd-laptop-15-6-inch.html
Desktop-laptops,HP Envy 13t-ba000 Core i7 10th Gen MX350 2GB Graph ...,https://sindabad.com/hp-envy-13t-ba000-core-i7-10th-gen-mx350-2gb-graphics-13-3-inch-touch-fhd-laptop.html
Desktop-laptops,"Customized PC With Intel i5-9400F, TOSHIBA 1 TB HD ...",https://sindabad.com/customized-pc-with-intel-i5-9400f-toshiba-1-tb-hdd-256-gb-ssd-adata-16-gb-ddr4-ram.html
Desktop-laptops,HP Core i3 10th Gen 15.6 Inch FHD Laptop with Wind ...,https://sindabad.com/hp-core-i3-10th-gen-15-6-inch-fhd-laptop-with-windows-10-15s-du2059tu.html
Desktop-laptops,"Lenovo V14 Core i5 10th Gen 14 Inch HD Laptop, 8GB ...",https://sindabad.com/lenovo-v14-core-i5-10th-gen-14-inch-hd-laptop-8gb-ddr4-ssd-240-gb.html
Desktop-laptops,Lenovo IdeaPad S145-15IWL 8th Gen Intel Core i5 82 ...,https://sindabad.com/lenovo-ideapad-s145-15iwl-8th-gen-intel-core-i5-8265u-granite-black-notebook.html
Desktop-laptops,Dell Inspiron 15-3593 Core i5 10th Gen 15.6 inch F ...,https://sindabad.com/dell-inspiron-15-3593-core-i5-10th-gen-15-6-inch-full-hd-laptop-with-windows-10.html
Desktop-laptops,Lenovo ThinkPad E490 Black 14 Inch Laptop,https://sindabad.com/lenovo-thinkpad-e480-8th-gen-intel-core-i5-8250u-20kqs26k00-1-60ghz-3-40ghz-8gb-ddr4-1tb-14-inch-hd-1.html
